"0","# Create a dataFrame to save the old dataset"
"0","df_old <- df"
"0",""
"0","# Convert the ""date"" column to Date format"
"0","df$date <- as.Date(df$date)"
"0",""
"0","# Apply transformations based on date conditions"
"0","df[df$date < as.Date(""2020-08-31""), c(""open"", ""high"", ""low"", ""close"")] <- "
"0","  df[df$date < as.Date(""2020-08-31""), c(""open"", ""high"", ""low"", ""close"")] / 15"
"0",""
"0","df[df$date < as.Date(""2020-08-31""), c(""volume"", ""adjusted_close"")] <- "
"0","  df[df$date < as.Date(""2020-08-31""), c(""volume"", ""adjusted_close"")] * 15"
"0",""
"0","df[df$date >= as.Date(""2020-08-31"") & df$date < as.Date(""2022-08-25""), c(""open"", ""high"", ""low"", ""close"")] <- "
"0","  df[df$date >= as.Date(""2020-08-31"") & df$date < as.Date(""2022-08-25""), c(""open"", ""high"", ""low"", ""close"")] / 3"
"0",""
"0","df[df$date >= as.Date(""2020-08-31"") & df$date < as.Date(""2022-08-25""), c(""volume"", ""adjusted_close"")] <- "
"0","  df[df$date >= as.Date(""2020-08-31"") & df$date < as.Date(""2022-08-25""), c(""volume"", ""adjusted_close"")] * 3"
"0",""
"0","# Display the transformed dataframe"
"0","head(df)"
